Word,Count,Positive TFIDF,Neutral TFIDF,Negative TFIDF
riynaldu,1,0,0.001201298560885756,0
dihang,5,0,0.0015933148496712372,0.002185021979330427
ngadtu,8,0.003938109476427983,0.0016562766743137588,0.0025706644612502067
kasamtang,2,0.003864075965870934,0.001546535049435415,0
trubank,1,0.0033655766941117797,0,0
krimin,1,0,0.0012752778084321116,0
muhatag,1,0,0.001365696888766546,0
villigasusmina,1,0.003745385663071135,0,0
kasaysay,1,0,0.0010908228845498652,0
nting,1,0,0.0011738221693348796,0
mung,1,0,0,0.002163080802140228
unta,8,0.004694908085469523,0.001312031701924981,0.0027133808006749413
musukul,3,0.0036563679359712864,0,0.002830136017104068
tuud,1,0,0,0.0018957160911160613
prisirvativis,1,0,0.0011709481003539179,0
npurmasy,2,0.003587131926004737,0.001365696888766546,0
palusut,2,0.0033264787120130227,0,0.002033400174144675
subay,1,0,0.001546535049435415,0
guthung,1,0,0.0011709481003539179,0
lainlain,1,0,0.0014380321530340938,0
awhag,3,0.0037118930688890732,0,0.0023406894402621245
glakip,2,0.003745385663071135,0.0011590247051449815,0
francis,2,0,0.0013983376207440186,0
timilimi,1,0,0.001365696888766546,0
buhis,1,0.0035317431180314977,0,0
sivilla,1,0,0.001365696888766546,0
ngutana,1,0,0.0011241625778250209,0
ghangyu,1,0,0.0012451381149873003,0
bakwi,1,0,0.001221026360231451,0
unsa,5,0,0.0015643658537188442,0.002223902726768456
irini,1,0,0.0010815226362868946,0
limpyu,2,0,0,0.003095167677726227
buntag,4,0,0.001640165575215977,0.0021504627517132274
tizins,1,0,0.0012708516561383489,0
laing,4,0,0.0020714596450927703,0
aprubah,1,0,0,0.0020812894104227193
mbala,1,0,0.0010718348776796339,0
kakuli,1,0,0.0013140288428611549,0
sapa,1,0,0,0.002033400174144675
balhin,1,0,0.0011316710337833037,0
alarma,1,0,0,0.0021124174140034475
gtudlu,1,0,0.001201298560885756,0
pangka,1,0,0.001221026360231451,0
karni,1,0.003745385663071135,0,0
panganduy,1,0,0,0.002454825453391463
kaugaling,2,0.003864075965870934,0.001221026360231451,0
gsigi,1,0,0,0.0023406894402621245
xxiii,1,0,0.001221026360231451,0
hangyu,1,0.0035317431180314977,0,0
sinadu,8,0.0034404333798423816,0.0019939956615310536,0.0028139376977453657
hukum,1,0,0.001546535049435415,0
kapataas,1,0,0.0011709481003539179,0
basul,1,0,0.0011848587280976772,0
bala,1,0,0.0011428983742358886,0
kanasur,1,0,0.0011316710337833037,0
prisintar,2,0.0035317431180314977,0,0.002091259872339262
kinataliwad,1,0,0,0.0021980194238504515
punta,1,0,0.0011316710337833037,0
gdalu,1,0,0.0012752778084321116,0
datu,1,0,0.0011138921921915602,0
ntika,1,0,0.0011486910959639031,0
sanu,2,0,0.0017378060613800457,0
lyunis,1,0.0033264787120130227,0,0
kausa,1,0,0,0.0021980194238504515
kapaspas,1,0.0033264787120130227,0,0
duminggu,1,0,0.0011590247051449815,0
kaniya,2,0,0,0.0026132919311404835
lagi,1,0,0.001546535049435415,0
muhukum,1,0,0,0.002911369505908816
gpapili,1,0,0.0012752778084321116,0
abillira,1,0,0.0010815226362868946,0
kahuut,1,0.0035317431180314977,0,0
biatu,2,0,0.0015643658537188442,0
sturya,1,0,0.001546535049435415,0
pahibawu,2,0,0.0015021052663532846,0
siptiyimbri,4,0,0.0016055472384584907,0
dimukrasya,1,0,0.0011590247051449815,0
carcinugins,1,0,0.0011709481003539179,0
radyu,1,0.003587131926004737,0,0
kabisi,1,0,0.0011848587280976772,0
curnbiif,1,0,0.001546535049435415,0
tanang,5,0.003889938551295367,0.001124579341208054,0.0020812894104227193
hadluk,1,0,0.0014709749726705048,0
rcus,3,0,0.0012473077365463309,0.0020553494074387786
pamaagi,1,0.003448659906071639,0,0
parat,1,0,0.001128541742159927,0
ghinamhinam,1,0,0,0.001925649392519076
kalisud,2,0,0.0010908228845498652,0.0021124174140034475
anuchi,1,0,0.0010815226362868946,0
biata,1,0,0.0010908228845498652,0
dyrf,1,0,0.001546535049435415,0
ukiy,2,0.008018236563863884,0.0014380321530340938,0
kuntrah,1,0,0,0.002911369505908816
kasakit,1,0,0.0012451381149873003,0
kunsigrah,3,0,0.001958682907034055,0
pasaylu,3,0.004119082602459111,0,0.003482049571555508
parukya,1,0,0.0011125234638301295,0
klasi,1,0,0,0.0023406894402621245
katuyu,1,0,0,0.0026260294730854703
hawan,1,0,0,0.0020812894104227193
siguru,1,0,0.0014380321530340938,0
sama,5,0.0036563679359712864,0.0038057469988789882,0.0023406894402621245
runda,1,0,0.0011908023295254867,0
gunang,1,0,0.0014380321530340938,0
buhing,1,0,0.0014380321530340938,0
katawan,1,0,0.0011486910959639031,0
kilusang,1,0,0.0011590247051449815,0
kayu,1,0,0,0.0021504627517132274
gkabangi,1,0,0.0011848587280976772,0
taliu,1,0,0.0010718348776796339,0
kahibawu,1,0,0.0011486910959639031,0
syudad,2,0,0.001546535049435415,0.0022591637165983117
sunug,5,0,0.0014380321530340938,0.003125510236806999
numanu,1,0,0.0014380321530340938,0
sila,22,0.004248784511512112,0.003270239470808523,0.003642042395845919
kapamilya,1,0,0.0013140288428611549,0
kuliksiy,1,0.0033264787120130227,0,0
sunud,6,0,0.00225692334989457,0.002033400174144675
kalang,1,0.003864075965870934,0,0
kasulbad,1,0,0.0012451381149873003,0
bisaya,1,0,0.0010815226362868946,0
pahimangnu,1,0,0,0.0021980194238504515
glutu,1,0,0.0013140288428611549,0
pangtakda,1,0,0.0011316710337833037,0
ghatag,1,0.003745385663071135,0,0
spinidu,3,0.004279492025670229,0.0020890495314420223,0.0022591637165983117
nuudlis,1,0.003587131926004737,0,0
bahu,1,0,0.0011428983742358886,0
sikritu,1,0,0,0.002033400174144675
tumung,1,0,0,0.002454825453391463
jusi,2,0.0036563679359712864,0.001221026360231451,0
apil,4,0,0.0013201467558139046,0.0029983766604240376
tiwas,1,0.0035317431180314977,0,0
juvii,1,0,0,0.0022591637165983117
ritis,1,0,0.0010718348776796339,0
lawum,1,0,0,0.002033400174144675
duguk,1,0,0.0014380321530340938,0
wriathlaying,1,0,0.001221026360231451,0
kapahunung,1,0,0,0.002454825453391463
kaupirati,1,0.0036563679359712864,0,0
sabutahi,1,0,0.0011316710337833037,0
musunud,2,0,0.0015021052663532846,0
kaataki,1,0,0,0.0021124174140034475
ntigu,1,0.003448659906071639,0,0
adlawa,1,0.003344805891121815,0,0
anug,2,0,0.0012752778084321116,0.0026260294730854703
nggagawa,1,0,0.0011590247051449815,0
dunay,7,0.0034263291360264975,0.0019915960825013816,0.0021124174140034475
akusah,1,0,0,0.0021980194238504515
sakup,5,0.0035317431180314977,0.001365696888766546,0.0027471197155995502
prutista,4,0,0.0013473693948124086,0.0023000726958597507
aslan,1,0,0,0.0022591637165983117
litar,2,0,0.0013807232809011011,0
bagu,1,0,0.0013153235042566058,0
kapuy,1,0,0.0014380321530340938,0
pahunung,1,0.003745385663071135,0,0
lich,6,0.003994663578312711,0,0.002922335835797609
karung,7,0.003344805891121815,0.0018308539507494376,0
lacs,9,0.004330425302461052,0.0018632834604357718,0.0021504627517132274
paduul,1,0.0034167048245486156,0,0
kurapsy,5,0,0.0013153235042566058,0.002899949794573989
pusil,1,0.0036563679359712864,0,0
cabadiang,1,0,0.001365696888766546,0
tung,1,0,0.001130615283428256,0
sulidu,1,0,0,0.00196023606316433
panuburnu,1,0,0,0.002454825453391463
cayitanu,1,0,0.001546535049435415,0
kining,9,0.005248796165201917,0.001878630987643697,0.0023219761388863754
kandidatura,1,0,0.0011848587280976772,0
rudy,2,0,0,0.0024239836021246563
pukim,2,0.0033655766941117797,0.0012752778084321116,0
padayung,1,0,0.001201298560885756,0
kanaug,1,0,0.0011590247051449815,0
saktu,1,0.0036563679359712864,0,0
abril,1,0,0.001221026360231451,0
gtanaw,1,0,0.001201298560885756,0
ngaging,2,0,0,0.0024205416325061863
abrih,1,0.0036563679359712864,0,0
kabig,1,0,0.0013153235042566058,0
kalimang,1,0,0.0011125234638301295,0
kaung,2,0,0.0015228587954751378,0
aktuwal,1,0,0,0.00196023606316433
sidinti,1,0,0.0010817595153322398,0
amah,1,0,0,0.0019502241321880723
kawat,1,0,0.0013140288428611549,0
kanatu,1,0.003864075965870934,0,0
partidu,1,0,0.0011590247051449815,0
hirsisyu,1,0,0.001221026360231451,0
tuslub,1,0,0.001201298560885756,0
tibuuk,4,0,0.0017378060613800457,0.0024721711767832304
gpapatigay,1,0,0.0012451381149873003,0
palagput,2,0.0035317431180314977,0.001124579341208054,0
balibar,1,0,0.0012451381149873003,0
adbiyintu,1,0,0.0011125234638301295,0
gbuut,1,0,0.0014380321530340938,0
gubiyirnu,1,0.0033264787120130227,0,0
kahinay,1,0,0.0011848587280976772,0
dinr,1,0,0,0.003482049571555508
tulu,1,0,0,0.0020553494074387786
lingkud,1,0,0,0.0021980194238504515
ritiradung,1,0,0.0013140288428611549,0
kaprisintar,1,0,0,0.001925649392519076
papil,1,0,0.0013775840916221654,0
bahin,1,0.003864075965870934,0,0
buhat,8,0.004694908085469523,0.0015089813772477473,0.0024895634513606595
daang,2,0.003745385663071135,0.001221026360231451,0
trapiku,2,0.0033655766941117797,0,0.0023406894402621245
pirsunal,1,0.003587131926004737,0,0
ngriklamu,1,0,0,0.002033400174144675
dangat,1,0,0.001365696888766546,0
saksi,2,0,0,0.002830136017104068
pakyas,2,0,0.0011709481003539179,0.0020812894104227193
kinsa,7,0.004025115787019871,0.0018777133945795397,0.002830136017104068
balaud,6,0.004300055728490239,0.0013807232809011011,0.0025223843371732033
risulta,1,0,0.0011486910959639031,0
andam,2,0,0.0012455946210188722,0.0021314161845547405
andal,1,0,0.0010815226362868946,0
ugdaw,1,0,0,0.0021504627517132274
sumbag,1,0,0.0012752778084321116,0
lagru,1,0,0.0010787332722674795,0
mutuu,2,0,0,0.002573135618925005
castillu,1,0,0.0010815226362868946,0
kaub,1,0,0.0012374977700496564,0
piru,5,0,0.0015228587954751378,0.002362161976725678
camumut,2,0,0.0021077309798182733,0
tirisi,1,0,0.0013140288428611549,0
guzm,1,0,0.0010718348776796339,0
dumingu,1,0,0.0011125234638301295,0
larribirt,1,0,0.0010718348776796339,0
mutum,2,0,0,0.0029746987410797913
kadugang,1,0.0033264787120130227,0,0
balati,1,0,0.0013140288428611549,0
carma,1,0,0.0010718348776796339,0
tirisa,4,0,0.001986855214492738,0
sirinu,3,0.0035317431180314977,0.001510999635976936,0
panimalay,2,0,0.0018445384968638623,0
katuman,1,0,0.001546535049435415,0
kasugud,1,0.0035317431180314977,0,0
kita,4,0.003864075965870934,0.0013775840916221654,0.002228592706727694
zsai,1,0,0.0010718348776796339,0
lidiratu,1,0.003587131926004737,0,0
dunggu,1,0,0,0.0022591637165983117
panguwarta,1,0.0035317431180314977,0,0
butang,2,0,0.001221026360231451,0.0020812894104227193
kapakurat,1,0,0.0013140288428611549,0
pitsa,1,0,0.0011590247051449815,0
hulagway,2,0,0.0014380321530340938,0.0020812894104227193
piniritu,1,0,0.0011486910959639031,0
rudrigu,3,0,0.001263439681451973,0.0019188824352189176
kabalu,1,0,0,0.002454825453391463
tubig,2,0,0.0010815226362868946,0.002033400174144675
paambit,1,0,0.0013140288428611549,0
dili,27,0.0053689319486562755,0.003229444306402962,0.0056984315008053845
kaniadtu,2,0,0.0014972342601751887,0
pabarug,3,0,0.0018307406619370273,0
kadaut,1,0,0.0012752778084321116,0
trampas,1,0,0,0.0026260294730854703
trabahua,1,0,0.0017273732101042842,0
kasu,4,0.0038755899672881355,0.0012127463143016542,0
diusnung,1,0,0.001221026360231451,0
dali,1,0,0,0.0026260294730854703
facibuuk,3,0,0.0015635638881374178,0
kristyanismu,1,0,0.0011125234638301295,0
muing,1,0,0,0.0021124174140034475
prutihir,1,0.003448659906071639,0,0
gimbistigar,1,0.004694908085469523,0,0
subrang,1,0,0.001221026360231451,0
kapulis,6,0,0.001499369384386212,0.0029410528537529694
kurakut,2,0,0.0011316710337833037,0.002454825453391463
sinadur,5,0.0035317431180314977,0.001336077033378459,0.0021181202818479432
gpasabut,1,0,0.0014380321530340938,0
pidru,1,0,0.001221026360231451,0
gbabag,1,0,0,0.002033400174144675
albuira,2,0,0,0.002490868404905991
daku,2,0,0.0013954148959055943,0
tuig,10,0,0.0027067885728594377,0
kaaghat,1,0,0.0011590247051449815,0
istricampu,1,0,0.0010718348776796339,0
lalis,1,0,0,0.005194089768495583
biaz,4,0.0036120917126219072,0.001425195129019358,0
adlaw,3,0,0.001370913314404427,0.0021124174140034475
muiskwila,1,0,0,0.0023406894402621245
gsunud,1,0,0.001221026360231451,0
lalim,1,0,0,0.0021504627517132274
gaani,1,0,0.001365696888766546,0
lihuk,1,0,0.0012752778084321116,0
gmisa,1,0.003864075965870934,0,0
usab,12,0.004390542291505803,0.0030676194487987167,0.0023479205777395176
buys,1,0.003864075965870934,0,0
bilanggu,1,0.003344805891121815,0,0
paabut,2,0.0035317431180314977,0.0011486910959639031,0
nghinaut,2,0,0.0017378060613800457,0
abusadu,2,0,0,0.003215636614372663
pananglit,2,0.003587131926004737,0.001365696888766546,0
kadaghang,1,0,0,0.0021980194238504515
almacin,2,0,0.0016266264410844038,0
trunil,1,0,0.0010718348776796339,0
kadalan,1,0,0.001221026360231451,0
labut,4,0,0.0016824374034552375,0.0019502241321880723
kiulus,1,0,0.0011590247051449815,0
simana,1,0.003864075965870934,0,0
kapasaka,2,0,0.0015827026815691892,0
labing,3,0.003448659906071639,0.0011590247051449815,0.0019502241321880723
sundalu,1,0,0,0.0020812894104227193
umagad,1,0.003745385663071135,0,0
punit,1,0,0,0.0021124174140034475
tatad,1,0,0.0010815226362868946,0
kapaniguru,1,0,0,0.005194089768495583
griguriu,1,0,0.0010718348776796339,0
tinguha,1,0.0034167048245486156,0,0
mantsah,1,0,0.001124579341208054,0
statuwa,1,0,0.0011316710337833037,0
lutu,1,0.003745385663071135,0,0
diin,10,0.004920053237092282,0.0017883732262552418,0.0022148177560791958
pulus,2,0,0.0013140288428611549,0.0021980194238504515
uktubri,1,0,0.0014380321530340938,0
tinuud,4,0,0.0015262468303367408,0.0021980194238504515
tribukar,1,0,0,0.0021980194238504515
ligal,2,0,0.0012752778084321116,0.0022591637165983117
panfilu,2,0.0038476229134124192,0,0
trak,1,0,0,0.002033400174144675
parilibu,1,0.003745385663071135,0,0
sugbuan,2,0,0.0013606039314315583,0
ahat,1,0,0.0013775840916221654,0
mudirnu,1,0,0.001124579341208054,0
davau,2,0,0.001221026360231451,0.0026260294730854703
diklarar,5,0,0.0016944812252615846,0
liksiy,4,0,0.0014576334182350276,0.0026132919311404835
kakuwang,2,0,0.001263439681451973,0
sangku,2,0,0.0031740784954552366,0.002033400174144675
santa,2,0,0.0013983376207440186,0
bantayan,1,0,0.001546535049435415,0
kampanya,1,0,0.0012752778084321116,0
kanang,1,0,0,0.002033400174144675
dipindi,2,0,0.0019904479529215696,0
pakigbatuk,2,0,0.0012752778084321116,0.0019188824352189176
panguluh,2,0,0.001201298560885756,0.0020553494074387786
basig,1,0,0,0.0021124174140034475
ccpu,1,0.0033655766941117797,0,0
raval,1,0,0.0010718348776796339,0
angay,2,0.0034263291360264975,0.0013954148959055943,0
nganu,2,0,0.0015274310168739468,0
pasalig,2,0.0033264787120130227,0,0.001925649392519076
pusas,1,0,0,0.002454825453391463
upisina,2,0,0.0016577567347671835,0
spanya,1,0,0.0011125234638301295,0
bukas,1,0,0,0.0019924135653473147
rufinu,1,0.003448659906071639,0,0
kacumply,1,0,0,0.0020812894104227193
kulkata,1,0,0.0020890495314420223,0
kanamu,1,0,0,0.002033400174144675
kasakmit,1,0,0,0.0021124174140034475
kabay,1,0,0.0011908023295254867,0
limpiyu,2,0,0.0012176598378008262,0
publiku,1,0.003587131926004737,0,0
gpahigay,1,0,0.0012752778084321116,0
chimicals,3,0,0.001456929684684026,0
pasabut,5,0,0.001553601539346204,0.002801837894694661
pangdapat,1,0,0.001201298560885756,0
diktadurya,2,0,0.001221026360231451,0.0021124174140034475
mumartsa,2,0,0.0014576334182350276,0
palayu,1,0,0,0.0020812894104227193
spinusa,2,0,0,0.002490868404905991
rispunsabilidad,1,0.003587131926004737,0,0
hilum,1,0,0.001546535049435415,0
tanyag,1,0,0.0012451381149873003,0
sistima,5,0.003892866194920201,0.0016266264410844038,0.0026260294730854703
pinawin,1,0,0.0010718348776796339,0
ssiunariis,1,0,0.0013140288428611549,0
juil,2,0.0033655766941117797,0.0010718348776796339,0
watching,1,0,0.0013140288428611549,0
biddirs,1,0,0.0011848587280976772,0
glambigit,1,0,0.0014380321530340938,0
tinuuray,1,0.0035317431180314977,0,0
tindah,1,0,0.0011590247051449815,0
sitwasy,3,0,0.0023286516279476593,0
aksidinti,1,0,0.001221026360231451,0
kini,24,0.005634479516580208,0.002599549974304023,0.003508889719464665
barriu,1,0,0.001221026360231451,0
hydruginatid,1,0,0.0011486910959639031,0
mpurtasy,1,0.0035317431180314977,0,0
kumbati,1,0,0,0.0021504627517132274
lictiuns,4,0.003745385663071135,0.0015100450054413286,0
langkub,1,0,0.001546535049435415,0
dagh,5,0,0.0015196362330352684,0.0018589983044342319
papas,1,0,0.001124579341208054,0
buut,1,0,0,0.0021124174140034475
kang,2,0,0.0011486910959639031,0.0020553494074387786
tungud,13,0.0036009600228844156,0.0023149827706942213,0.0029490560799944527
parihas,1,0,0.0013140288428611549,0
walay,5,0.004458407213767476,0.0011848587280976772,0.0027337608677869196
kana,2,0,0.0012649501197466654,0.0019924135653473147
gpugung,1,0,0.0012752778084321116,0
cumputirizati,3,0.0037797579911507465,0.001365696888766546,0
bidinsiya,4,0.0036563679359712864,0.001546535049435415,0.0020620552816370957
kanaku,1,0,0.001201298560885756,0
tukud,2,0.0035317431180314977,0.0013140288428611549,0
bahad,1,0.003587131926004737,0,0
citizins,1,0,0.001365696888766546,0
ruadshuw,1,0,0.0011590247051449815,0
katulu,1,0,0.001546535049435415,0
ilis,1,0.003587131926004737,0,0
baniug,1,0,0,0.0021504627517132274
grali,1,0,0.001546535049435415,0
suburnu,2,0,0.0010815226362868946,0.0021980194238504515
kuyug,1,0,0.0011875552758859658,0
pangulu,1,0.0036563679359712864,0,0
halapad,1,0,0.0011709481003539179,0
sulud,6,0,0.0013676204891143661,0.002899949794573989
punung,1,0,0.001201298560885756,0
usmiña,2,0,0.001221026360231451,0.002033400174144675
kahinumdum,1,0,0,0.0020553494074387786
lisud,1,0.003864075965870934,0,0
unipurmi,1,0,0,0.0023406894402621245
risi,1,0,0,0.002043371491319234
sayup,2,0.003587131926004737,0.0013140288428611549,0
munumintu,1,0,0.001221026360231451,0
hangin,1,0,0.001365696888766546,0
huwibis,1,0,0,0.0021504627517132274
kadawat,3,0.0033655766941117797,0.001365696888766546,0.0021980194238504515
gbabalaud,1,0,0,0.002911369505908816
atul,3,0,0.00112480759422384,0.002233351438640186
sakit,4,0,0.0016367147624011193,0
purnada,2,0,0,0.0027612966247346766
sulti,1,0,0.001365696888766546,0
sayud,1,0,0.0014380321530340938,0
mukuyug,1,0,0.0013140288428611549,0
tubag,5,0,0.002027858429856972,0.002454825453391463
gpuyu,1,0,0.001365696888766546,0
kamatinabang,1,0,0.0014380321530340938,0
disisy,1,0,0.0013140288428611549,0
pahigay,4,0,0.0017038360272083085,0
gpanuku,1,0.0034167048245486156,0,0
atliast,1,0,0,0.0021980194238504515
dakung,4,0,0.0014487390486113763,0.0021631185363038025
atty,5,0,0.0021247111400088804,0
ngganyu,1,0,0.0012451381149873003,0
tinsy,1,0,0,0.002033400174144675
kungrisista,2,0.003448659906071639,0.0013140288428611549,0
diuns,2,0.003745385663071135,0,0.0020812894104227193
bitbit,1,0,0.0011125234638301295,0
ndaui,1,0,0.0012451381149873003,0
kabalik,1,0,0.0012451381149873003,0
tawag,3,0,0.0011709481003539179,0.0029746987410797913
lvira,1,0,0.0010718348776796339,0
pamulung,1,0,0.0013140288428611549,0
durugista,1,0,0.001201298560885756,0
dudung,1,0,0.001201298560885756,0
calamba,2,0,0.0012451381149873003,0.0021124174140034475
parujinug,1,0,0.001201298560885756,0
pakauwaw,1,0,0.0011590247051449815,0
anhi,1,0,0,0.002183045728831784
kapari,1,0,0.001546535049435415,0
smugglid,1,0,0,0.002454825453391463
giskwila,1,0.0035317431180314977,0,0
mutibu,1,0,0,0.0019188824352189176
anha,3,0,0.0015274310168739468,0
kusina,2,0,0.0017378060613800457,0
liksy,1,0,0,0.0020553494074387786
adtu,2,0,0.001187502664661036,0
drugas,12,0.004123930096906374,0.001826043388672776,0.00412863977162227
rcillana,1,0,0.0010815226362868946,0
lunita,1,0,0.0011316710337833037,0
spinu,3,0.0036563679359712864,0.001221026360231451,0.0023482602705183248
tagad,2,0,0.0014590017827925126,0
kauluh,2,0,0.0014851251061626773,0
kinahangl,1,0.003587131926004737,0,0
biktima,3,0.003587131926004737,0,0.002445887045151281
buluhat,1,0,0.0011709481003539179,0
palpak,1,0,0,0.0021314161845547405
kabayad,1,0,0.0012451381149873003,0
hustisiya,1,0,0.0011848587280976772,0
uakwuud,1,0,0,0.0020812894104227193
antibungbung,1,0,0.0011590247051449815,0
judi,1,0,0.0010815226362868946,0
kamau,1,0.003448659906071639,0,0
kadaku,1,0.0035317431180314977,0,0
batuk,3,0,0.0011738221693348796,0.002262472986471428
hulug,1,0.004279492025670229,0,0
kuntrata,1,0,0.0011316710337833037,0
aligasy,1,0,0,0.001925649392519076
fatima,2,0,0.0018720437386393794,0
katuig,1,0,0,0.002033400174144675
kaayuh,1,0,0.0011848587280976772,0
balur,3,0,0.001365696888766546,0.0024205416325061863
tigdipinsa,1,0,0,0.0021980194238504515
gradwadu,1,0,0.0013140288428611549,0
alsa,1,0,0,0.0020812894104227193
patum,2,0.003647439611513209,0,0
diay,9,0,0.0016888870284499633,0.004145956739138432
aquiinu,1,0,0.001201298560885756,0
suta,1,0,0,0.0023406894402621245
wagtang,1,0,0,0.002454825453391463
pangunay,1,0,0.0014380321530340938,0
kaluuy,1,0,0.0010908228845498652,0
kahanay,2,0.003864075965870934,0.001546535049435415,0
kausab,2,0.003587131926004737,0.0011590247051449815,0
ambut,3,0,0.0018134082031810825,0.002033400174144675
singkasing,1,0.0037118930688890732,0,0
ixpiri,1,0,0.0012451381149873003,0
kaib,1,0.0033264787120130227,0,0
mutabang,3,0.003864075965870934,0.001478386947356881,0
pasirad,2,0.005525740205068114,0,0.0022591637165983117
gung,2,0,0,0.0020305721322111973
albirtu,1,0,0.0012752778084321116,0
nyung,1,0,0,0.003482049571555508
hukas,1,0,0.0011590247051449815,0
guna,2,0,0.0014267751612114202,0.0022591637165983117
susi,2,0.0035317431180314977,0,0.0022591637165983117
lagruh,1,0,0.0013140288428611549,0
mupatum,1,0.004030242389790652,0,0
kaayu,4,0,0.0018494323169386663,0.002033400174144675
butyag,1,0,0.001221026360231451,0
birhin,1,0,0.001221026360231451,0
pangandam,3,0,0.0012072830732398996,0.0021314161845547405
suhitu,1,0.004279492025670229,0,0
agnisi,1,0,0.001365696888766546,0
rumanu,1,0,0,0.0020553494074387786
pasar,4,0.003745385663071135,0.0022320220065116334,0
scariu,1,0,0,0.002033400174144675
buksidur,1,0,0.0012752778084321116,0
kritiku,1,0,0,0.002454825453391463
himutang,3,0,0.001365696888766546,0.0023538203752866216
kaha,8,0,0.001972641737262228,0.0027158521846880586
skina,1,0,0,0.002033400174144675
tunul,1,0,0,0.002911369505908816
putla,1,0.003745385663071135,0,0
kaigsu,2,0,0.0016444151803317064,0
linibu,1,0,0.0011316710337833037,0
kamatay,2,0.004694908085469523,0,0.0021504627517132274
ntaw,1,0,0.0013775840916221654,0
iskwila,1,0,0.0012451381149873003,0
sabatir,1,0,0.0010815226362868946,0
ahinsiya,1,0,0.001124579341208054,0
alyansa,2,0,0.0013361848911151461,0
mupasiugda,1,0.0033264787120130227,0,0
nginahangl,1,0,0.0010908228845498652,0
tawu,7,0.0036009600228844156,0.0021527883367243104,0.0021504627517132274
bunu,1,0,0.001201298560885756,0
gabut,1,0,0.0017273732101042842,0
sitiu,3,0,0.0025605352515677966,0
ubus,2,0.003745385663071135,0,0.0022591637165983117
kalikay,1,0,0,0.0019188824352189176
unibirsidad,1,0,0.001201298560885756,0
katabang,1,0,0.0011316710337833037,0
tumaw,2,0,0,0.0021181202818479432
duria,2,0.0033655766941117797,0,0.0023406894402621245
nday,1,0,0.001201298560885756,0
wala,13,0.00391768574821919,0.0020616361885317917,0.004349087189282791
kunik,1,0,0.0011848587280976772,0
kapalangay,1,0.0035317431180314977,0,0
lagda,2,0.0033655766941117797,0,0.0023406894402621245
daling,2,0,0.0012983433440659985,0
yith,1,0.003587131926004737,0,0
dinnis,1,0,0.0010815226362868946,0
mpiksy,1,0,0.001221026360231451,0
rubin,1,0,0.0010815226362868946,0
sangab,1,0,0.0011709481003539179,0
musugut,1,0,0,0.002033400174144675
supt,2,0,0.001221026360231451,0.002454825453391463
plantir,1,0.0036563679359712864,0,0
sayang,1,0.004279492025670229,0,0
siyay,2,0,0,0.0021445848537428123
gtapuk,2,0,0.0015021052663532846,0
akung,12,0,0.0028303131091846575,0.0032068659838613966
diktadur,1,0,0,0.0020109472479083045
tukma,1,0.0035317431180314977,0,0
simbahang,1,0,0.0010908228845498652,0
anhing,1,0,0.0011316710337833037,0
hipi,3,0,0.001201298560885756,0.0023352170172272818
awtu,2,0,0,0.0025706644612502067
kaayung,1,0,0,0.002033400174144675
kadagh,2,0,0.0013775840916221654,0.002183045728831784
siyam,2,0,0.0017273732101042842,0
pruduktu,1,0,0,0.0026260294730854703
nglis,2,0.004030242389790652,0,0.0023406894402621245
labid,1,0,0.0010718348776796339,0
dugay,6,0.003796724221716164,0,0.002663490965642948
gupirati,1,0,0,0.002033400174144675
siyag,1,0,0,0.002911369505908816
duut,1,0,0.001221026360231451,0
rali,2,0,0.0012708516561383489,0.002033400174144675
binipisyu,1,0,0.001546535049435415,0
pulis,12,0.003886402868990518,0.003184598056120071,0.003378278573732177
ricus,6,0.003994663578312711,0,0.0030127198108669006
pildi,2,0,0.0012695436606054592,0
duul,2,0.0034167048245486156,0,0.002033400174144675
ugma,1,0,0,0.0021504627517132274
adtung,7,0.0035317431180314977,0.0021651072821864937,0.00202796650463524
calungsud,1,0,0.001221026360231451,0
dakbay,2,0,0.0011590247051449815,0.0021124174140034475
nbistigasy,1,0,0,0.002033400174144675
alsica,1,0,0.001365696888766546,0
canur,3,0,0.0014690506205896814,0
anak,3,0,0.0012115558586473399,0.0021423679060680522
lambigit,3,0,0.0014463582846914616,0
buks,1,0,0.0011374361117835784,0
tita,1,0,0.0010815226362868946,0
kasumpu,1,0,0.001546535049435415,0
upisyal,5,0.003864075965870934,0.0013853286324092033,0.002454825453391463
kapatay,1,0,0,0.0020553494074387786
anaa,1,0,0.001221026360231451,0
hinu,4,0.0035317431180314977,0.0014322682204955097,0.002492822994494048
purts,1,0,0.0011709481003539179,0
uktaba,4,0.0038694366384251,0.001201298560885756,0.0021980194238504515
fixirs,1,0.0033264787120130227,0,0
payuhut,1,0.0035317431180314977,0,0
palibut,1,0,0.001221026360231451,0
puyu,1,0,0,0.0022591637165983117
balauran,2,0.003745385663071135,0,0.0022591637165983117
kasambag,1,0,0,0.002033400174144675
muubsirbar,1,0,0,0.002454825453391463
firnandu,1,0,0.001221026360231451,0
bumbiru,2,0,0,0.0023136640630711434
alimpus,1,0,0.001365696888766546,0
bujaxhiu,1,0,0.001365696888766546,0
sund,1,0,0.0011848587280976772,0
ubra,1,0,0,0.0021124174140034475
kahigay,2,0.0033264787120130227,0,0.002454825453391463
lamiang,2,0,0.0022492323147399996,0
nggang,1,0,0.001201298560885756,0
kuntrubirsiyal,1,0,0,0.0022591637165983117
pugng,1,0,0.001365696888766546,0
dusu,1,0.003587131926004737,0,0
kumpaniya,2,0,0.0015808465974332568,0
kaysa,2,0.003745385663071135,0.0012451381149873003,0
grabi,1,0,0,0.002033400174144675
katakda,2,0,0.0012836937940976319,0
guihulng,1,0,0.0011486910959639031,0
himu,11,0.004042304303739177,0.002080864968503584,0.002748741791427916
bilyunis,2,0,0.001365696888766546,0.002033400174144675
kuntrabandu,1,0,0.0012451381149873003,0
palami,1,0,0.0011709481003539179,0
kaubang,1,0,0.001201298560885756,0
higanting,1,0,0.001201298560885756,0
nkasu,1,0,0,0.002033400174144675
atubang,7,0.003344805891121815,0.0018926145844785282,0.0019924135653473147
rapung,1,0,0.001201298560885756,0
alvin,1,0,0.0010718348776796339,0
mudiritsu,1,0,0.0012451381149873003,0
tangkud,1,0,0.0012451381149873003,0
pamilya,2,0,0.0013954148959055943,0.0019188824352189176
katunaw,1,0.004279492025670229,0,0
parilibuh,1,0,0,0.0020553494074387786
handuraw,1,0,0.0013140288428611549,0
hatud,2,0.003587131926004737,0,0.0022591637165983117
ligung,1,0,0,0.001925649392519076
hiyas,1,0,0.001221026360231451,0
balibali,1,0,0.001201298560885756,0
kasuway,1,0,0,0.002033400174144675
silibrasy,1,0,0.0011316710337833037,0
sanlakas,2,0,0.0016240371182935018,0
lupiz,1,0,0.001365696888766546,0
cummissiunirs,1,0,0.0010718348776796339,0
tivis,1,0,0,0.0026260294730854703
nfurcir,2,0.004030242389790652,0,0.0023406894402621245
kaniadtung,3,0,0.0011316710337833037,0.0023000726958597507
asawa,1,0,0.001201298560885756,0
mpliyadu,1,0.003587131926004737,0,0
kahadluk,1,0,0.0013140288428611549,0
kalusad,1,0,0.001221026360231451,0
panah,2,0,0.001221026360231451,0.0021124174140034475
sulir,3,0.003745385663071135,0.0012451381149873003,0.0021124174140034475
gbat,1,0,0,0.0023482602705183248
gusyu,2,0.003745385663071135,0,0.003482049571555508
tiijay,1,0,0.0010815226362868946,0
dinakp,1,0,0,0.0021124174140034475
sulbad,2,0.0035317431180314977,0,0.0026260294730854703
upirasy,3,0,0.001407299371955728,0.0026260294730854703
kasusyu,1,0,0,0.003482049571555508
katuliku,1,0,0.0010908228845498652,0
ndipindincia,1,0,0.001221026360231451,0
nukad,1,0,0.001546535049435415,0
ulbu,2,0,0.001201298560885756,0.0020553494074387786
inbistigar,1,0,0.0011709481003539179,0
kunsidirasy,1,0,0.0014380321530340938,0
tiufilu,1,0,0.001201298560885756,0
padulung,3,0,0.0015837982960449617,0
gprissc,1,0,0.0011486910959639031,0
yagyag,2,0,0.0014380321530340938,0.002033400174144675
siptimbri,1,0,0.0011486910959639031,0
bangug,1,0,0.0012752778084321116,0
ñacap,1,0.0035317431180314977,0,0
ngal,2,0,0.0013853286324092033,0
tapt,1,0,0.001201298560885756,0
yanu,1,0.0034167048245486156,0,0
kasaulug,1,0,0.0011125234638301295,0
prisidinti,7,0,0.001953210170762796,0.0023144663869915324
unlini,1,0.003448659906071639,0,0
intirviiw,1,0,0,0.0020812894104227193
kawani,2,0.003864075965870934,0.001124579341208054,0
hitungud,1,0,0.0012451381149873003,0
kadtung,2,0,0.0015021052663532846,0
gpamatuud,1,0.003587131926004737,0,0
pasilung,1,0,0.001546535049435415,0
mudipinsa,1,0,0.001221026360231451,0
ntrah,1,0,0.0014380321530340938,0
yang,38,0.004489800680528817,0.0038751075758373214,0.004219387506585718
triasurirs,1,0,0,0.002454825453391463
pulitiku,1,0,0,0.0020812894104227193
caldir,1,0,0.0011709481003539179,0
firdinand,3,0,0.0013088301821056832,0
publisidad,1,0,0.001201298560885756,0
anyus,1,0,0,0.0021504627517132274
hilariu,1,0,0.0010718348776796339,0
katungdan,6,0.004022132713513865,0.0016132207769309311,0.0020553494074387786
bayran,1,0.0035317431180314977,0,0
tagdumala,1,0,0.001546535049435415,0
abut,3,0.0033053798161021422,0.0010583474554793663,0.002012997922796589
valladulid,1,0,0.0013140288428611549,0
siryusung,1,0,0,0.001925649392519076
pilipinas,1,0,0.0011125234638301295,0
sagup,1,0,0,0.0023406894402621245
ayaw,1,0,0,0.0021124174140034475
bugtung,1,0,0,0.0020553494074387786
parking,1,0,0,0.002033400174144675
sunudsunud,1,0,0.001201298560885756,0
sagul,1,0,0.0011709481003539179,0
silay,1,0,0.0014380321530340938,0
kasupurta,1,0,0,0.001925649392519076
lihay,1,0,0,0.002033400174144675
pamiluk,1,0,0,0.002454825453391463
musaka,1,0,0,0.0021124174140034475
curtisdaluz,1,0,0.001201298560885756,0
baybay,1,0,0,0.0019502241321880723
aging,2,0,0.0011125234638301295,0.001984973649631938
rigalu,1,0,0,0.0021980194238504515
akbay,2,0,0.0015376827448478898,0
tanggung,2,0.004279492025670229,0,0
kinabuhi,2,0.004279492025670229,0.0010908228845498652,0
ngañu,1,0,0.0011316710337833037,0
istra,1,0,0.0014380321530340938,0
ining,4,0.004390542291505803,0.0011428983742358886,0.0020869523438449117
glaway,1,0,0.001201298560885756,0
tinugyan,1,0,0,0.0021980194238504515
taguba,3,0,0.0014576334182350276,0
tratis,1,0,0.0011709481003539179,0
panagiya,1,0,0.0011848587280976772,0
dawat,2,0,0.0013422242424548977,0.0027337608677869196
kumplitung,1,0,0,0.0023406894402621245
candidacy,2,0,0.0016110612942430139,0
siling,1,0,0,0.002033400174144675
pakigbisug,1,0,0.001221026360231451,0
hurut,1,0,0,0.0023406894402621245
yirkulis,3,0.0035317431180314977,0.0013140288428611549,0.0021124174140034475
tinubd,2,0.0035317431180314977,0.0014380321530340938,0
hunung,2,0,0,0.002285923634655047
kanhi,7,0.003448659906071639,0.0017573868469053322,0.0020812894104227193
labay,1,0,0,0.002091259872339262
carpiu,2,0,0.001221026360231451,0.001925649392519076
pust,1,0,0.0011709481003539179,0
labaw,3,0.003892866194920201,0.0013140288428611549,0
gpaibabaw,1,0,0.0012451381149873003,0
silang,2,0,0,0.0024205416325061863
vivu,1,0,0,0.002033400174144675
kumbinsidu,1,0,0.0011316710337833037,0
duna,5,0,0.0014204440601965484,0.002543880764674854
kadtu,1,0,0.00112480759422384,0
balik,1,0,0,0.0021504627517132274
kanusa,2,0,0.0019379293779122014,0
dayung,1,0.004279492025670229,0,0
dagat,1,0.003745385663071135,0,0
tinudanay,1,0,0,0.0019188824352189176
ngalagad,1,0,0.0013140288428611549,0
hitabu,2,0,0.001201298560885756,0.0021980194238504515
ribily,1,0,0,0.002911369505908816
tima,1,0,0.0010822994331241653,0
mudawat,1,0,0.0012752778084321116,0
gumik,5,0,0.0015697024754930348,0.0023538203752866216
sugu,1,0,0.001221026360231451,0
babuy,1,0,0,0.002033400174144675
ricu,1,0,0,0.0019688181867636516
puru,1,0,0.001365696888766546,0
baluta,1,0,0.001221026360231451,0
tamd,1,0.003587131926004737,0,0
duardu,1,0,0.0010815226362868946,0
rtial,1,0,0,0.002911369505908816
dgar,1,0,0.0010718348776796339,0
bayaw,3,0,0.0014098649774601157,0
kahatag,1,0,0.0020890495314420223,0
siguridad,1,0,0.0014380321530340938,0
ruzzanu,1,0.003448659906071639,0,0
mupahibalu,1,0,0.001221026360231451,0
sugd,2,0,0.0014087143853049452,0
pangpangrunda,1,0,0.001365696888766546,0
gukud,1,0,0,0.0021980194238504515
visayas,1,0,0,0.0019502241321880723
panlaktud,1,0.0033264787120130227,0,0
bucu,1,0,0.0010718348776796339,0
strilla,1,0,0.0010718348776796339,0
gkansilar,1,0,0.0012752778084321116,0
kwarta,1,0.0035317431180314977,0,0
nghakut,1,0,0,0.0020812894104227193
mbistigasy,3,0.003745385663071135,0.0013242178738802571,0
kaugma,1,0.003344805891121815,0,0
anthuny,1,0,0.0010815226362868946,0
tagiya,2,0,0.0012451381149873003,0.0020812894104227193
gtangag,1,0,0.001365696888766546,0
gpasiugda,1,0.003448659906071639,0,0
hulga,1,0,0.0016266264410844038,0
hilaw,2,0,0.001201298560885756,0.00196023606316433
gduda,1,0,0,0.0020812894104227193
kalibut,2,0,0.0015376827448478898,0
tambuk,1,0,0.001221026360231451,0
cumilic,2,0,0.0012752778084321116,0.0021124174140034475
factfinding,1,0,0.0011486910959639031,0
kaila,2,0.003864075965870934,0.0020890495314420223,0
mukita,1,0,0,0.002454825453391463
pangandamam,1,0,0,0.0026260294730854703
mudilu,1,0,0.0010908228845498652,0
daghang,5,0,0.0016444151803317064,0.002718145302826757
gsagubang,1,0,0,0.002911369505908816
gubat,1,0,0,0.0021124174140034475
kasung,2,0.003344805891121815,0,0.002911369505908816
dunut,1,0,0.001546535049435415,0
kasaway,1,0,0,0.0021124174140034475
pamahayag,1,0,0.001201298560885756,0
kinnith,1,0,0.0012451381149873003,0
rardu,1,0,0.0010718348776796339,0
tigum,1,0.0035317431180314977,0,0
kagamhan,1,0,0,0.0021980194238504515
asilibrah,1,0,0.0011590247051449815,0
isug,1,0,0.001146345777784003,0
gbasi,1,0,0,0.0021980194238504515
assisting,1,0.0035317431180314977,0,0
alyansang,1,0,0.001221026360231451,0
hinaut,1,0.003448659906071639,0,0
pris,3,0,0.0011995370089647312,0.0019688181867636516
umaabut,1,0,0.001201298560885756,0
diamanti,1,0,0.0010815226362868946,0
bugyan,1,0.003745385663071135,0,0
ikug,1,0,0.0014380321530340938,0
hinungd,3,0,0.001973537769170265,0
adunay,3,0.004119082602459111,0.0013140288428611549,0
caluuc,2,0,0,0.002332197745632133
galing,1,0.0034404333798423816,0,0
matay,3,0,0.0021247111400088804,0.0023482602705183248
mugawas,1,0,0,0.00196023606316433
pasaka,1,0,0.0011138921921915602,0
mbua,1,0,0.0010815226362868946,0
gtanum,2,0,0.0017822779094983025,0
kalampus,1,0,0.001124579341208054,0
gagad,2,0,0.0013140288428611549,0.00196023606316433
kurti,4,0.0037536560979731797,0.001548800706877454,0
gustung,2,0,0.001445033061268188,0
mutambung,1,0,0.0011316710337833037,0
bayanihung,1,0,0.001221026360231451,0
asang,1,0,0.0012708516561383489,0
sabut,1,0.0035317431180314977,0,0
ngaayu,1,0,0.0013140288428611549,0
bukasy,3,0.0035317431180314977,0.0031740784954552366,0.0023406894402621245
pangakusah,1,0,0.001221026360231451,0
kakulang,1,0.0035317431180314977,0,0
tahas,1,0,0.001546535049435415,0
kungrisu,3,0.004694908085469523,0.0013140288428611549,0.0021124174140034475
pangurakut,1,0,0.0011848587280976772,0
kuwang,1,0,0.0011731224049418528,0
ntirnit,1,0,0.0012451381149873003,0
himung,5,0.003745385663071135,0.0013983376207440186,0.002492822994494048
priskung,2,0.004196642513615309,0,0
bruthirinlaw,1,0,0,0.001925649392519076
disyimbri,1,0,0,0.0020553494074387786
pangutana,6,0,0.002195002971259227,0.002033400174144675
tambayayung,1,0,0.0011590247051449815,0
filipinus,1,0.0033655766941117797,0,0
administrasy,2,0,0,0.002394257500874237
kasuku,1,0,0.0012451381149873003,0
laumang,1,0,0.0011316710337833037,0
risgu,1,0,0.0011709481003539179,0
kadalayg,1,0.004694908085469523,0,0
palabi,1,0,0.0011848587280976772,0
panawag,2,0,0.0014145299346742556,0
ngung,1,0,0,0.0019502241321880723
nganung,4,0.004279492025670229,0.0017273732101042842,0.002830136017104068
fuinti,1,0,0.001221026360231451,0
lalawig,1,0,0,0.0022591637165983117
bungbung,2,0,0.0014709749726705048,0.0020553494074387786
pisus,2,0,0,0.0024205416325061863
lichunan,1,0,0,0.0023406894402621245
kaduhang,1,0,0.0013140288428611549,0
dispirsi,1,0,0,0.002033400174144675
duha,5,0,0.0014986006734131105,0.0037266267425469474
sakmit,1,0,0,0.0021314161845547405
kaparat,2,0,0.001221026360231451,0.0021124174140034475
ayung,4,0.004329245722724648,0.001071661302434026,0
cumpaniis,1,0,0,0.0021980194238504515
dugu,2,0,0.001128541742159927,0.0021124174140034475
cruz,1,0,0.0010718348776796339,0
gyud,8,0.0036563679359712864,0.0018905241398456795,0.0030759530405121936
barangay,7,0.003745385663071135,0.0016838441162186247,0.003317752154734275
bistu,1,0,0.0010718348776796339,0
patatas,1,0,0.0011486910959639031,0
hudikatura,1,0.0034167048245486156,0,0
balaang,1,0,0.001221026360231451,0
ugkat,1,0,0.0011316710337833037,0
bugas,1,0.003587131926004737,0,0
lugarta,1,0,0.0010815226362868946,0
taga,3,0,0.0014072753301018605,0.0020591348225668786
lata,2,0,0.0016577567347671835,0
kaimprinta,1,0,0.001221026360231451,0
pipila,3,0.0035317431180314977,0,0.0021238342235070625
antiubiutics,1,0,0.001201298560885756,0
putulputul,1,0.0035317431180314977,0,0
puli,1,0,0.0011619376932847458,0
kung,6,0,0.0016964872477617057,0.0023765020816791625
katintal,1,0,0.0012451381149873003,0
anhinsiya,1,0.003745385663071135,0,0
piktu,2,0,0.0016110612942430139,0
transfat,1,0,0.0011486910959639031,0
kasunug,1,0,0,0.0023406894402621245
gunxha,1,0,0.001365696888766546,0
sugyut,1,0,0.001124579341208054,0
sumpu,2,0,0.0013454762008686101,0
patay,4,0,0.001201298560885756,0.0027430055667954064
tratah,1,0.0035317431180314977,0,0
pakita,2,0,0.001221026360231451,0.0019188824352189176
balay,3,0.003745385663071135,0,0.002504296226555613
kalimut,1,0,0,0.002033400174144675
tighatag,1,0,0.0010815226362868946,0
gamit,2,0,0.0015113260799679428,0
pisticidis,1,0,0.001201298560885756,0
atung,9,0.004545553833574453,0.0013955612788040782,0.0028313022289323795
pamatuud,1,0,0,0.0026260294730854703
gkaatubang,1,0,0,0.002454825453391463
raiding,1,0,0.0013140288428611549,0
lunis,1,0,0.0013140288428611549,0
tugut,1,0.0035317431180314977,0,0
grasya,1,0,0.0013140288428611549,0
anibirsaryu,1,0,0.0011316710337833037,0
kalimud,1,0,0.0013140288428611549,0
pamilyang,2,0,0.0016266264410844038,0
mudagh,1,0,0.0013140288428611549,0
ntiris,1,0,0.0011848587280976772,0
rusariu,2,0,0.0014851251061626773,0
bagung,1,0,0.001221026360231451,0
higay,4,0.0034404333798423816,0.0012636131256063392,0.0021314161845547405
habug,1,0,0.0011316710337833037,0
phillip,1,0,0.001365696888766546,0
sayr,2,0.003587131926004737,0.001221026360231451,0
paday,1,0.003344805891121815,0,0
kridibilidad,1,0.003448659906071639,0,0
takda,1,0.0035317431180314977,0,0
kirwin,1,0,0,0.0019502241321880723
ahinsya,4,0.0035317431180314977,0.0013153235042566058,0.0021980194238504515
aksiy,1,0,0,0.002033400174144675
ubang,4,0.0034404333798423816,0.0010817595153322398,0.0022506460633254124
fidil,1,0,0.0010815226362868946,0
mugamit,1,0,0.0013140288428611549,0
luurdis,1,0,0.0014380321530340938,0
kimbirly,1,0,0.0010815226362868946,0
paturagas,1,0,0.001221026360231451,0
studyanti,2,0,0.001201298560885756,0.0021504627517132274
prisintasy,1,0,0,0.00196023606316433
murag,1,0,0,0.002911369505908816
prisinta,1,0,0.0011486910959639031,0
kamatuur,1,0,0,0.0020812894104227193
bantay,1,0.0036563679359712864,0,0
sugbu,20,0.004458407213767476,0.0022949179240836664,0.004103579514297279
suway,2,0,0.0011848587280976772,0.002033400174144675
talus,1,0,0.0010718348776796339,0
panlantaw,1,0,0.0013140288428611549,0
suwat,1,0,0.0012451381149873003,0
sintru,2,0.003864075965870934,0.001201298560885756,0
uras,2,0,0.001221026360231451,0.0021504627517132274
kasingkasing,1,0.003745385663071135,0,0
pasanginl,2,0,0.0011848587280976772,0.00196023606316433
tumbuk,1,0,0.0012451381149873003,0
dauthtirs,1,0,0.0013140288428611549,0
narbahu,1,0,0.0013140288428611549,0
kakabig,1,0,0.0011709481003539179,0
kahagu,1,0,0,0.0026260294730854703
kaguba,1,0,0.0012752778084321116,0
minti,1,0,0.0012451381149873003,0
duda,1,0,0,0.0018957160911160613
lakip,1,0,0.00106238986808402,0
trillanis,7,0.003448659906071639,0.0015768795391084677,0.0021585574074355577
batu,3,0,0.0018495297549940323,0.002267899849480173
tilibisy,1,0.003587131926004737,0,0
lukat,3,0.004279492025670229,0,0.0023538203752866216
pumucinu,1,0,0.0010718348776796339,0
muunay,1,0,0.001221026360231451,0
lusad,1,0,0,0.0020812894104227193
dapit,3,0,0.0014380321530340938,0.0023541011886587583
dilus,2,0,0,0.002332197745632133
samut,1,0.003864075965870934,0,0
panamin,1,0,0.0010908228845498652,0
tuiga,1,0.004694908085469523,0,0
transaksiy,2,0.0036120917126219072,0,0
bati,1,0,0.0016266264410844038,0
apud,2,0.005248796165201917,0,0
lukah,1,0,0,0.0021124174140034475
pasida,1,0,0,0.0021124174140034475
antuniu,3,0,0.0013620189447807755,0.0019188824352189176
linaw,1,0.004279492025670229,0,0
nuktuk,1,0,0.0012451381149873003,0
urdinah,1,0,0.001546535049435415,0
undang,1,0,0.0011590247051449815,0
hinimu,2,0.003745385663071135,0.001221026360231451,0
simbah,1,0,0.0013153235042566058,0
kabisay,1,0,0,0.0021980194238504515
dinhi,11,0.004713683459971352,0.001738808313765253,0.00289990612365781
bisa,6,0.004119082602459111,0.001668349214801484,0.0027158521846880586
transhipmint,1,0,0,0.0023406894402621245
tanawa,1,0,0,0.002033400174144675
pakuyug,4,0,0.0018341568606746645,0.002911369505908816
cummunitiis,1,0,0.0011125234638301295,0
kapangutana,1,0,0.001365696888766546,0
basi,1,0,0.001546535049435415,0
lubung,1,0,0,0.0020553494074387786
kabus,1,0,0.0010908228845498652,0
crami,1,0.003745385663071135,0,0
didtu,5,0.003864075965870934,0.0016616388244239824,0.005194089768495583
basa,2,0,0.0012451381149873003,0.002033400174144675
hambin,1,0,0.0013140288428611549,0
csupt,1,0.0036563679359712864,0,0
lapad,2,0,0.0011908023295254867,0.002033400174144675
pampi,1,0,0.0012451381149873003,0
gpaluyu,1,0,0.0011848587280976772,0
kauwaw,1,0,0,0.002454825453391463
skwilah,2,0,0.0012451381149873003,0.0023406894402621245
talamb,1,0,0,0.0022591637165983117
priparar,1,0,0,0.002033400174144675
cuva,1,0,0.001221026360231451,0
taas,2,0.003745385663071135,0.001128541742159927,0
pruyiktu,3,0,0.0017790706560302635,0
wung,1,0,0.0010815226362868946,0
duaw,1,0,0.0013140288428611549,0
gtuu,2,0.003587131926004737,0,0.001925649392519076
ngataki,1,0,0,0.0021124174140034475
daugthirs,1,0,0.001546535049435415,0
shabu,5,0,0.001365696888766546,0.002663490965642948
kaisug,3,0,0.0015043288587591973,0.0019188824352189176
lina,2,0,0.0013931492384635553,0
kadaghan,1,0,0.001546535049435415,0
kapalpak,1,0,0,0.0023406894402621245
tarung,2,0.008123113015897817,0,0
lang,27,0.004576717413955707,0.002920116087363231,0.006069453118322061
carlus,1,0,0.0011709481003539179,0
faild,12,0.0035317431180314977,0.0020282259265516052,0.0025488414787136963
sardinas,1,0.003587131926004737,0,0
rikisitus,1,0,0,0.0020812894104227193
pangagda,1,0,0.0014380321530340938,0
suuka,1,0,0.0013140288428611549,0
limt,1,0,0,0.0022591637165983117
panglabay,1,0,0,0.002033400174144675
riyalidad,1,0,0.0011848587280976772,0
badlung,3,0.0033655766941117797,0.0011848587280976772,0.0026260294730854703
gtiayung,1,0.003587131926004737,0,0
nyur,1,0,0.001201298560885756,0
tagana,1,0,0,0.002033400174144675
kuha,3,0,0.0022181020210572198,0
pamantala,1,0.003587131926004737,0,0
alarmah,1,0,0.0014380321530340938,0
himplu,1,0,0.0020890495314420223,0
diritsu,1,0,0.0011908023295254867,0
huwag,1,0,0,0.003482049571555508
rulandu,1,0,0,0.0019502241321880723
kaapiktu,1,0,0,0.0021504627517132274
dutirti,9,0,0.0016980095285271289,0.0025525122683937597
hagit,1,0,0.0013140288428611549,0
lami,2,0,0.001411875475111381,0
santus,7,0,0.0015220843331217179,0.002916485508036797
assign,2,0,0.0018445384968638623,0
hisgut,2,0,0.0013175004478707861,0
glingkud,1,0.0036563679359712864,0,0
cullictursbagmin,1,0,0,0.0026260294730854703
hulganza,1,0,0.001201298560885756,0
papilis,1,0,0,0.0021980194238504515
unang,5,0,0.0013145554082642362,0.002233351438640186
trabahu,5,0.0036799566348835805,0.001764443834183707,0
musangat,1,0.003864075965870934,0,0
ghikutar,1,0.004279492025670229,0,0
ngunay,1,0.003587131926004737,0,0
katahu,1,0,0.0011848587280976772,0
kapasamut,1,0,0.0011486910959639031,0
blvd,1,0,0,0.002033400174144675
pangawat,1,0,0,0.0021124174140034475
cirtificatis,2,0,0.0016110612942430139,0
batanung,1,0,0,0.0020812894104227193
carcar,2,0,0.0014406532580444205,0
binuhi,1,0,0.001201298560885756,0
kadayig,1,0,0,0.0019188824352189176
buanga,1,0,0.001221026360231451,0
bulilyasu,1,0,0.001365696888766546,0
kawagtang,1,0.0033264787120130227,0,0
kaliwat,1,0,0.001221026360231451,0
unum,3,0.003864075965870934,0.0012878278471709812,0
tabang,4,0.0034404333798423816,0.0013207094465410227,0
mutugpa,1,0,0.001221026360231451,0
planu,2,0,0.0011486910959639031,0.002454825453391463
bigtimi,1,0,0.0012451381149873003,0
panabaku,1,0,0.001221026360231451,0
hatag,4,0,0.001457459258911198,0.002830136017104068
dagkung,2,0,0.001201298560885756,0.0021980194238504515
kalabut,1,0,0.001221026360231451,0
kinutub,1,0,0,0.003482049571555508
lubngan,1,0,0.0013140288428611549,0
pilipinu,1,0,0.001201298560885756,0
paulu,4,0,0.0013606039314315583,0.0021238342235070625
pusibli,1,0,0,0.002454825453391463
sukul,1,0.0036563679359712864,0,0
lapulapu,2,0,0.0015146224328467914,0
uzamiz,3,0,0.0017931325412566003,0.0022591637165983117
hunahuna,2,0,0.0012451381149873003,0.0021124174140034475
gbinuang,1,0,0.0014380321530340938,0
